mfr_id,name,country,tier,market_share,products,reachability,contact_emails,website,portals,why_relevant,suggested_ask,phase,status,notes
abbott,Abbott Diabetes Care,USA / Global,1,52.83% (Mordor 2025 shipments),"FreeStyle Libre 2, Libre 3, Libre 3 Plus, Lingo (enzymatic, 14-15 day wear)",Moderate to Hard,adc_iis@abbott.com (Investigator-Initiated Studies); abbottcorporate@abbott.com; karen.twiggmay@abbott.com (media); ADChelpuk@abbott.com (UK support),https://www.freestyle.abbott,medicalaffairs.abbott/grants.html (IIS portal); freestyle.abbott,"Global market leader, and Sugar-Sugar already ingests the Libre export format. Standard support channels are automated and filtered - the IIS route is the only viable academic path.","Submit an Investigator-Initiated Study proposal to adc_iis@abbott.com framed as measuring how Libre users interpret rate-of-change trend arrows. Non-financial support (sensors, anonymised data) is reviewed continuously; financial grants close 15 September annually.",2 (weeks 4-12),uncontacted,"Needs a Declaration of Eligibility, a structured Study Proposal Form and an investigator CV. Sugar-Sugar ALREADY supports the Libre format, so lead with participant recruitment and export validation, not ""please integrate your CGM"". NEVER approach Abbott, Dexcom and Medtronic as one consortium - Abbott manufactures the Instinct CGM for MiniMed while competing with Medtronic in standalone CGM."
dexcom,"Dexcom, Inc.",USA / Global,1,33.89% (Mordor 2025 shipments),"Dexcom G6, G7, ONE/ONE+, Stelo (enzymatic, 10-15.5 day wear)",Moderate,clinicalresearch@dexcom.com (clinical research); mediarelations@dexcom.com; investor-relations@dexcom.com,https://developer.dexcom.com,developer.dexcom.com (self-service sandbox); dexcom.com,"The easiest technical path of the big three: developer.dexcom.com grants instant sandbox credentials with no corporate pre-approval. Dexcom enforces a retrospective delay on glucose values (1h US, 3h international) to stop real-time third-party dosing - Sugar-Sugar evaluates retrospective traces, so it sits inside that framework rather than against it.",Register an academic developer org for sandbox credentials and build the Dexcom parser; in parallel email clinicalresearch@dexcom.com citing the Rostock ethics clearance.,1 (weeks 1-4),uncontacted,"Three tiers: sandbox, self-service Limited Access (5 production users), Full Access requiring a partnership questionnaire and data licensing agreement. Already a supported format in Sugar-Sugar - lead with recruitment and export validation. Dexcom 2025 reporting continued to identify Abbott-related patent litigation, so keep the invitation strictly bilateral."
medtronic,Medtronic Diabetes,USA / Ireland,1,10.10% (Mordor 2025 shipments),"Guardian Sensor 3/4, Simplera, MiniMed 780G AID (enzymatic, 7-day wear)",Hard,"shannon.bondy@medtronic.com, thomas.troub@medtronic.com (clinical leads); investor.relations@medtronic.com; minimedcan.info@medtronic.com",https://www.medtronicdiabetes.com,medtronicdiabetes.com; ISR intake via practice management,"The most centralised of the three. Integrations are restricted to formal corporate alliances or regulated trials, so this is a long game.",Investigator-Sponsored Research proposal positioning Sugar-Sugar as a behavioural benchmark: human forecasting error against the MiniMed 780G predictive Auto-Basal algorithm. Ask ONLY for the CGM trace and data-export layer unless pump/AID data become methodologically necessary.,3 (months 3-6),uncontacted,Already a supported format. Keep the invitation bilateral and identical in terms to the Abbott and Dexcom ones.
roche,Roche Diabetes Care,Switzerland / Germany,2,1.0-2.0%,"Accu-Chek SmartGuide, mySugr ecosystem (enzymatic, 14-day wear)",Moderate to Hard,media.relations@roche.com; justine.grosvenor@roche.com; bruno.eschli@roche.com (diagnostics management); sabine.borngraeber@roche.com,https://www.accu-chek.com,roche.com; accu-chek.com,The sharpest strategic fit of any manufacturer. Their SmartGuide Predict app (built with IBM) forecasts glucose trends with ML - which is precisely the thing Sugar-Sugar establishes a human baseline for.,"Exploratory digital-health approach through media and innovation channels. Pitch the synergy with SmartGuide Predict, but state explicitly that Sugar-Sugar measures HUMAN prediction and is not evaluating or benchmarking their proprietary algorithm - the second report is emphatic that these must be separated in writing.",2 (weeks 4-12),uncontacted,Roche also has a Romanian arm (accu-chek.ro) worth pairing with the Romanian outreach.
senseonics,Senseonics Holdings,USA,2,1.0-2.0%,"Eversense E3, Eversense 365 (implantable optical fluorescence, 180-365 day wear)",Easy to Moderate,Tim.Stamper@senseonics.com (media/comms); investors@senseonics.com; Eversense365@FTIConsulting.com (IR agency),https://global.eversensediabetes.com/contact-us/,global.eversensediabetes.com/contact-us/,Fully implantable long-wear sensors. They actively support real-world evidence studies that show off longitudinal data stability - a 180-365 day trace is a different prediction problem from a 14-day one.,Contact Senseonics DIRECTLY. Do not route through Ascensia.,2 (weeks 4-12),uncontacted,"CORRECTION from the second report: Ascensia is no longer the gatekeeper. Ascensia historically commercialised Eversense but those functions transitioned back to Senseonics in January 2026. The first report still described them as ""partnered with Ascensia"" - that is out of date."
sibionics,Sibionics (Shenzhen Silicon-based Intelligent Tech),China / Global,3,1.0-3.0%,"SIBIONICS GS1, SiJoy, CKM (enzymatic, 14-day factory calibrated)",Very Easy,medicalaffairs.agpndtx@gmail.com (Research Fund); zy.zhang@sibionics.com (named contact); support@sibionics.com,https://www.sibionicscgm.com/pages/research-fund,sibionicscgm.com/pages/research-fund,"The single most accessible manufacturer in this file, and the only one running a standing Research Fund that explicitly invites bioengineers, clinical researchers and AI scientists to apply for in-kind sensor grants. The fund is scoped at CGM data plus digital health platforms and AI predictive algorithms - which is Sugar-Sugar described back to us.","Apply to the Research Fund with a structured abstract requesting in-kind GS1 sensors, to compare human forecasting accuracy against their embedded AI predictive engine. Reviewed by a three-person expert panel.",1 (weeks 1-4),uncontacted,"The two reports disagree on sequencing: the first puts Sibionics in the very first wave because of the open Research Fund and free hardware; the second puts it in the second wave, ranking by reach instead. Both are defensible - the fund is the cheapest possible first move, so it costs little to do both."
sinocare,Sinocare Inc.,China / Global,3,1.0-2.0%,"iCan i3, iCan i6 (enzymatic, 15-day wear)",Easy,intl_mkt@sinocare.com (overseas business); iCansupport@sinocare.com; support@icancgm.com,https://www.icancgm.com,icancgm.com; sinocare.com/en/,Large public diagnostics manufacturer scaling the iCan CGM internationally and responsive to outside developers.,"Open a channel on standardised CSV and API data ingest for iCan devices, so Sugar-Sugar can read their exports.",2 (weeks 4-12),uncontacted,"Named in the second report as a FIRST-wave target, on the strength of direct international email access plus fast-expanding clinical and regulatory activity. Coordinate European recruitment with A. Menarini Diagnostics, which holds exclusive reimbursed-market rights in parts of Europe."
i-sens,"i-SENS, Inc.",South Korea / Global,3,~1.0%,"CareSens Air (enzymatic, 15-day wear, factory calibrated)",Easy,"skoh@i-sens.com, jlee@i-sens.com (Business Innovation); inquiry@i-sens.com; europe@i-sens.com",https://www.caresensair.com,caresensair.com; i-sens.com,"Korean market leader expanding across Europe, with published direct executive contacts for the team that owns CareSens Air API interoperability.",Contact Business Innovation directly about CareSens Air data ingest into Sugar-Sugar.,2 (weeks 4-12),uncontacted,Named executive emails are published - unusually open for a manufacturer.
medtrum,Medtrum Technologies,China / UK / Europe,3,~0.5-1.0%,"TouchCare Nano CGM, TouchCare patch pump (enzymatic, 14-day wear)",Easy to Moderate,info.uk@medtrum.co.uk; info.germany@medtrum.com; info.france@medtrum.fr; info@medtrum.nl; info.denmark@medtrum.com; kundsupport@medtrum.se; info@medtrum.com.hk; info@medtrum.com,https://www.medtrum.com,medtrum.com; medtrum.redycare.ch,"Explicitly collaborative toward the open-source diabetes data community, including Nightscout and AndroidAPS integrations - the same crowd as the Telegram and Facebook loop rooms already in this registry.","Work with the UK/Germany offices on a parser for TouchCare and EasyPatch cloud exports, alongside the open-source community.",3 (months 3-6),uncontacted,Decentralised European subsidiaries mean a national office answers faster than head office - the second report lists eight affiliate mailboxes.
microtech,MicroTech Medical,China / Global,3,~0.5-1.0%,"AiDEX, LinX CGM, LinX M1/S1 (enzymatic, 14-day wear)",Easy,sales@microtechmd.com; cs@microtechmd.com; ir@microtechmd.com,https://www.aidexcgm.com,microtechmd.com; aidexcgm.com,"Publishes public API documentation for AiDEX, which makes a parser cheap to build.",Request API access and sample traces for AiDEX.,3 (months 3-6),uncontacted,"A LinX CGM user group already exists on Facebook and is in the Facebook catalogue. GlucoRx AiDEX is a RETAIL REBRAND of the MicroTech platform, not a separate manufacturer - do not double-count it."
yuwell,Jiangsu Yuwell Medical Equipment,China,3,<0.5%,"Anytrans CGM, CT3 (enzymatic, 14-day wear)",Moderate,overseas@yuwell.com (international trade); annie@yuwellanytime.co.uk (UK),https://www.yuwell.com,yuwell.com,Large diversified conglomerate; the CGM R&D division sits behind the international trade division.,Low priority. Route through overseas@yuwell.com and expect to be redirected.,3 (months 3-6),uncontacted,Retail rebranding is common here - identify the underlying manufacturer and file format rather than chasing a corporate endorsement.
poctech,Zhejiang POCTech Co.,China,3,<0.5%,"CT-100, POCTech CGM (enzymatic, 7-14 day wear)",Moderate,info@poctech.com; sales@poctech.com,https://www.poctech.com,poctech.com,Lean specialist sensor developer with no developer portal.,"Direct sales or management mailbox, or meet them at ADA/EASD.",3 (months 3-6),uncontacted,Conference contact may work better than email.
diamontech,DiaMonTech AG,Germany,4,Pre-commercial R&D,"D-Pocket, D-Sensor (mid-infrared photothermal spectroscopy, non-invasive)",Very Easy,news@diamontech.de; ir@diamontech.de,https://www.diamontech.de/en/,diamontech.de/en/,"Non-invasive sensing venture with a flat structure - mail sent to the corporate inbox is read by the founders, CMO or VP Clinical Affairs within days. These companies have a strong commercial incentive to join independent benchmarking, because non-invasive optical, radiofrequency and microneedle systems must keep proving accuracy against enzymatic gold standards. German deep-tech, which pairs with the Rostock affiliation.",Offer to benchmark their prototype sensor traces against standard enzymatic traces inside the Sugar-Sugar interface.,1 (weeks 1-4),uncontacted,German company plus German ethics approval is a natural opening line.
afon,Afon Technology Ltd.,United Kingdom,4,Pre-commercial R&D,"Glucowear (radiofrequency/microwave dielectric sensing, non-invasive wearable)",Very Easy,info@afontechnology.com; hello@ojpr.co.uk (press),https://afontechnology.com,afontechnology.com,"Non-invasive sensing venture with a flat structure - mail sent to the corporate inbox is read by the founders, CMO or VP Clinical Affairs within days. These companies have a strong commercial incentive to join independent benchmarking, because non-invasive optical, radiofrequency and microneedle systems must keep proving accuracy against enzymatic gold standards. Actively seeks clinical trial participants, academic evaluation and research collaborations.","Benchmarking offer, same framing as DiaMonTech.",1 (weeks 1-4),uncontacted,
knowlabs,"Know Labs, Inc.",USA,4,Clinical investigation,"Bio-RFID (radiofrequency dielectric spectroscopy, non-invasive)",Very Easy,trials@knowlabs.co (clinical trial team); info@knowlabs.co,https://knowlabs.co/trials,knowlabs.co/trials,"Non-invasive sensing venture with a flat structure - mail sent to the corporate inbox is read by the founders, CMO or VP Clinical Affairs within days. These companies have a strong commercial incentive to join independent benchmarking, because non-invasive optical, radiofrequency and microneedle systems must keep proving accuracy against enzymatic gold standards. Runs a dedicated clinical trials portal with a mailbox set up explicitly to intake clinical studies and algorithmic benchmarking.",Email trials@knowlabs.co - the mailbox exists for exactly this kind of proposal.,1 (weeks 1-4),uncontacted,The most explicitly open intake of any manufacturer here.
pkvitality,PKvitality,France,4,Clinical investigation,K'Watch Glucose (microneedle continuous interstitial fluid sensor),Easy to Moderate,contact@pkvitality.com; info@amcrinstitute.com (clinical trial lead),https://www.pkvitality.com,pkvitality.com; EU CORDIS grant ID 960071,"Non-invasive sensing venture with a flat structure - mail sent to the corporate inbox is read by the founders, CMO or VP Clinical Affairs within days. These companies have a strong commercial incentive to join independent benchmarking, because non-invasive optical, radiofrequency and microneedle systems must keep proving accuracy against enzymatic gold standards. EU Horizon EIC Accelerator funded and described as highly receptive to digital health benchmarking - and an EU grant history makes a joint European proposal plausible.",Approach corporate or the AMCR Institute clinical trial operation; also worth exploring as a co-applicant on an EU call.,1 (weeks 1-4),uncontacted,
nemaura,"Nemaura Medical, Inc.",USA / UK,4,<0.5%,"sugarBEAT, proBEAT (transdermal reverse iontophoresis patch, daily non-invasive)",Easy,IR@NemauraMedical.com; dave@redchip.com; julesa@coreir.com,https://nemauramedical.com,nemauramedical.com,"Non-invasive sensing venture with a flat structure - mail sent to the corporate inbox is read by the founders, CMO or VP Clinical Affairs within days. These companies have a strong commercial incentive to join independent benchmarking, because non-invasive optical, radiofrequency and microneedle systems must keep proving accuracy against enzymatic gold standards. Open direct executive and investor contact routes, and actively seeking third-party validation studies.",Direct approach to investor relations offering independent validation.,1 (weeks 1-4),uncontacted,Contact routes are investor-relations rather than clinical - pitch the validation value.
infinovo,Infinovo Medical (Glunovo),China,3,<0.25%,Glunovo D3 / p3 CGM systems and associated apps and data-sharing tools,Easy,info@infinovo.com; nasir@infinovo.com; chengqian@infinovo.com,https://www.infinovo.com,Infinovo Medical on LinkedIn and Facebook,"Named in the second report as a second-wave target. Glunovo has appeared in recent clinical research including randomised and residual-bound accuracy studies, which makes their traces scientifically interesting rather than just another format.",Multiple human-routable emails - start with info@infinovo.com and ask about export format and a de-identified sample file.,2 (weeks 4-12),uncontacted,"Second report only. Distributor availability varies by country and no global exclusivity was identified, so approach the company directly."
biolinq,"Biolinq, Inc.",USA,4,<0.1% (launch stage),"Biolinq Shine - intradermal glucose-sensor patch with an integrated visual display, no phone required. FDA De Novo classification September 2025",Unspecified - no published contact email,Not published. Route through company leadership or management.,,Official company news channels,"High strategic relevance despite tiny share. Positioned at metabolic health and non-insulin users, which overlaps the broader population interested in glucose prediction - the same non-diabetic arm the study recruits. A display-on-patch device also changes what a user sees, which is directly relevant to a study about human forecasting.","Ask about future data export. Expect launch-execution focus and controlled messaging, so keep the request small.",3 (months 3-6),uncontacted,Second report only. No direct contact email published - this is the main obstacle. No website or contact email was given in either source report - find the official site before contacting.
glucotrack,"Glucotrack, Inc.",USA,4,"0% - investigational, no commercial approval",Continuous blood-glucose monitoring system designed for multi-year operation (long-duration implantable),Hard to Moderate,investors@glucotrack.com,https://www.glucotrack.com,Glucotrack on LinkedIn,"Not commercially distributed, so no recruitment value. Relevant only as a long-duration implantable question alongside Senseonics, and development-stage data may be confidential.","Ask to be routed to clinical or scientific leadership. Realistically a future extension of the study, not this one.",3 (months 3-6),uncontacted,Second report only. Lowest priority in the file - listed so it is not rediscovered as a lead.
